last_name;first_name;id
Adams;Jenna;0001
Everet;Jimmy;0002
Parker;Amanda;0003
Young;Nicole;0004
Carter;Anna;0005
Guzman;Brian;0006
Watson;Tabith;0007
Brown;Roberta;0008
Perez;Jessica;0009
Walker;Jona;0010
Morgan;Johnat;0011
Wilcox;Susan;0012
Smit;Rach;0013
Duke;Dona;0014
Baker;Heathe;0015
Reynold;Alej;0016
Sparks;Elizabe;0017
Fulle;Ryan;0018
Hopkins;Elai;0019
Meyer;Joanne;0020
Chan;Amy;0021
Evan;Joe;0022
Hall;Ronnie;0023
Waters;Chad;0024
Wood;Vanessa;0025
Woodward;Joan;0026
Taylor;Davi;0027
Anthony;John;0028
Whitaker;Adam;0029
Hurst;Virginia;0030
Ortega;Jennifer;0031
Hammond;Scott;0032
Cruz;Kelse;0033
Harper;Danielle;0034
Zimm;Timothy;0035
James;Kathleen;0036
Terre;Nathan;0037
Willi;Mark;0038
Dixon;Daniel;0039
Barrera;Carlos;0040
Cunn;Mitchel;0041
Hill;Jason;0042
Wats;Andrew;0043
Wade;Michael;0044
Anderson;Jonathon;0045
Lars;Melanie;0046
Bradshaw;Nicole;0047
Collin;Cindy;0048
Jeffer;Robert;0049
Andersen;Vincent;0050
Sanchez;James;0051
Lope;Stephe;0052
Hughes;Samantha;0053
Roth;Katrina;0054
Harper;Denis;0055
Nort;Mirand;0056
Ramos;Crystal;0057
Duke;Maria;0058
Harris;Nathan;0059
Ramse;Colleen;0060
Vill;Mark;0061
Burn;Apri;0062
Velasquez;Mary;0063
Bishop;Dani;0064
Miller;Diane;0065
Mill;Kathryn;0066
Reed;Lindsa;0067
Simp;James;0068
Duran;John;0069
Ray;Dian;0070
Walke;Cassa;0071
Hicks;Justin;0072
Archer;Marisa;0073
Silva;Cheryl;0074
Lopez;Eric;0075
Herm;Lauri;0076
Lawson;Emily;0077
Brown;Kare;0078
Black;Thomas;0079
Craig;Amy;0080
Dickson;Michael;0081
Rogers;Jeanne;0082
Avila;Cynt;0083
Olive;Autumn;0084
Mcclain;Erin;0085
Zamora;Brittany;0086
Lopez;Robert;0087
Ball;Kristi;0088
Johnso;Yvonne;0089
Harris;David;0090
Mcke;Jocely;0091
Cisneros;Melissa;0092
Mills;Holly;0093
Smith;Nancy;0094
Ston;Jon;0095
Kim;Walter;0096
Perez;Cameron;0097
Thom;Donald;0098
Russell;Tamara;0099
